Id,Name,Year,Gender
1,Xzavier,2006,M
2,Aidon,2006,M
3,Patrick,2006,M
4,Patrick,2006,M
5,Chris,2006,M
6,Frank,2006,M
7,Landon,2006,M
8,Quincy,2006,M
9,Zachariah,2006,M
10,Gavin,2006,M
11,Peter,2006,M
12,Henry,2006,M
13,Zane,2006,M
14,Nathan,2006,M
15,Hayden,2006,M
16,Yahir,2006,M
17,Braydon,2006,M
18,Landon,2006,M
19,Travis,2006,M
20,Zachariah,2006,M
21,Peter,2006,M
22,Justin,2006,M
23,Nicholas,2006,M
24,Ryan,2006,M
25,Ulises,2006,M
26,Nathan,2006,M
27,Forrest,2006,M
28,Braydon,2006,M
29,Brian,2006,M
30,Kyler,2006,M
31,Kai,2006,M
32,Mark,2006,M
33,Wesley,2006,M
34,Zachariah,2006,M
35,Kai,2006,M
36,Van,2006,M
37,Vincent,2006,M
38,Vincent,2006,M
39,Eric,2006,M
40,Ulises,2006,M
41,Chris,2006,M
42,Hayden,2006,M
43,Tanner,2006,M
44,Mark,2006,M
45,Xzavier,2006,M
46,Quentin,2006,M
47,Samuel,2006,M
48,Eric,2006,M
49,Joseph,2006,M
50,Frank,2006,M
51,David,2006,M
52,Henry,2006,M
53,Chris,2006,M
54,Frank,2006,M
55,Xander,2006,M
56,Lucas,2006,M
57,Isaac,2006,M
58,Henry,2006,M
59,Zachariah,2006,M
60,Eric,2006,M
61,Van,2006,M
62,Forrest,2006,M
63,Xzavier,2006,M
64,Aidon,2006,M
65,Patrick,2006,M
66,Uriel,2006,M
67,Vincent,2006,M
68,Hayden,2006,M
69,George,2006,M
70,Samuel,2006,M
71,Henry,2006,M
72,Spancer,2006,M
73,Oliver,2006,M
74,Eric,2006,M
75,Kai,2006,M
76,Yordy,2006,M
77,Roy,2006,M
78,Owen,2006,M
79,Yahir,2006,M
80,Brian,2006,M
81,Kai,2006,M
82,Roy,2006,M
83,Patrick,2006,M
84,Austin,2006,M
85,Joseph,2006,M
86,Isaac,2006,M
87,Ulises,2006,M
88,Domingo,2006,M
89,Hayden,2006,M
90,Ethan,2006,M
91,Ethan,2006,M
92,Landon,2006,M
93,Patrick,2006,M
94,George,2006,M
95,Gavin,2006,M
96,Landon,2006,M
97,Isaac,2006,M
98,William,2006,M
99,Kai,2006,M
100,Ulises,2006,M
101,Mason,2006,M
102,Joseph,2006,M
103,Frank,2006,M
104,Van,2006,M
105,Ian,2006,M
106,Kai,2006,M
107,Spancer,2006,M
108,Kyler,2006,M
109,David,2006,M
110,Aidon,2006,M
111,Zachariah,2006,M
112,Patrick,2006,M
113,Uriel,2006,M
114,Lucas,2006,M
115,Tanner,2006,M
116,Ian,2006,M
117,Cooper,2006,M
118,Henry,2006,M
119,Eric,2006,M
120,Ethan,2006,M
121,Forrest,2006,M
122,Austin,2006,M
123,Mark,2006,M
124,Nathan,2006,M
125,Ryan,2006,M
126,Kyler,2006,M
127,Braydon,2006,M
128,Uriel,2006,M
129,Uriel,2006,M
130,Vincent,2006,M
131,Yahir,2006,M
132,Spancer,2006,M
133,Yahir,2006,M
134,Ulises,2006,M
135,Henry,2006,M
136,Hayden,2006,M
137,Zane,2006,M
138,Uriel,2006,M
139,Kai,2006,M
140,David,2006,M
141,Ian,2006,M
142,William,2006,M
143,Austin,2006,M
144,David,2006,M
145,Justin,2006,M
146,Nathan,2006,M
147,Landon,2006,M
148,Kai,2006,M
149,Eric,2006,M
150,Roy,2006,M
151,Mark,2006,M
152,Henry,2006,M
153,Lucas,2006,M
154,Zane,2006,M
155,Austin,2006,M
156,Hayden,2006,M
157,Yordy,2006,M
158,Roy,2006,M
159,Austin,2006,M
160,Owen,2006,M
161,Travis,2006,M
162,Forrest,2006,M
163,Mark,2007,M
164,Xander,2007,M
165,Peter,2007,M
166,Mark,2007,M
167,Joseph,2007,M
168,George,2007,M
169,Nathan,2007,M
170,Justin,2007,M
171,Uriel,2007,M
172,Xander,2007,M
173,Chris,2007,M
174,Peter,2007,M
175,Oliver,2007,M
176,Zane,2007,M
177,Spancer,2007,M
178,Zane,2007,M
179,Owen,2007,M
180,Isaac,2007,M
181,Samuel,2007,M
182,Isaac,2007,M
183,Wesley,2007,M
184,Ulises,2007,M
185,Forrest,2007,M
186,Mark,2007,M
187,Ulises,2007,M
188,Landon,2007,M
189,Patrick,2007,M
190,Braydon,2007,M
191,Ethan,2007,M
192,Yahir,2007,M
193,Yahir,2007,M
194,Vincent,2007,M
195,Oliver,2007,M
196,Nicholas,2007,M
197,Wesley,2007,M
198,William,2007,M
199,Samuel,2007,M
200,Mason,2007,M
201,Kai,2007,M
202,Nicholas,2007,M
203,Xander,2007,M
204,Austin,2007,M
205,Xander,2007,M
206,Samuel,2007,M
207,Spancer,2007,M
208,Yahir,2007,M
209,Patrick,2007,M
210,Chris,2007,M
211,Gavin,2007,M
212,Domingo,2007,M
213,Quincy,2007,M
214,Samuel,2007,M
215,Braydon,2007,M
216,Peter,2007,M
217,Yordy,2007,M
218,Joseph,2007,M
219,Wesley,2007,M
220,Hayden,2007,M
221,Kyler,2007,M
222,Nathan,2007,M
223,Zachariah,2007,M
224,Patrick,2007,M
225,Yordy,2007,M
226,Ian,2007,M
227,Peter,2007,M
228,Cooper,2007,M
229,Yordy,2007,M
230,Van,2007,M
231,Ulises,2007,M
232,Ulises,2007,M
233,Xzavier,2007,M
234,Brian,2007,M
235,Kyler,2007,M
236,Tanner,2007,M
237,Xzavier,2007,M
238,Gavin,2007,M
239,Mason,2007,M
240,Aidon,2007,M
241,Nathan,2007,M
242,William,2007,M
243,Eric,2007,M
244,Oliver,2007,M
245,Patrick,2007,M
246,Xzavier,2007,M
247,Oliver,2007,M
248,Tanner,2007,M
249,Frank,2007,M
250,Mason,2007,M
251,Ian,2007,M
252,Xzavier,2007,M
253,Quentin,2007,M
254,Ian,2007,M
255,Zane,2007,M
256,Braydon,2007,M
257,Cooper,2007,M
258,Oliver,2007,M
259,Travis,2007,M
260,Ian,2007,M
261,Ian,2007,M
262,Forrest,2007,M
263,Ryan,2007,M
264,Oliver,2007,M
265,Cooper,2007,M
266,David,2007,M
267,Tanner,2007,M
268,Nathan,2007,M
269,Nathan,2007,M
270,Zachariah,2007,M
271,Uriel,2007,M
272,Nicholas,2007,M
273,Kai,2007,M
274,Patrick,2007,M
275,Joseph,2007,M
276,Nathan,2007,M
277,Xzavier,2007,M
278,Forrest,2007,M
279,Kyler,2007,M
280,Eric,2007,M
281,Vincent,2007,M
282,Quincy,2007,M
283,Zane,2007,M
284,Ulises,2007,M
285,Nathan,2007,M
286,Nathan,2007,M
287,Landon,2007,M
288,Chris,2007,M
289,Oliver,2007,M
290,Mason,2007,M
291,Vincent,2007,M
292,Yordy,2007,M
293,Forrest,2007,M
294,Aidon,2007,M
295,David,2007,M
296,Xzavier,2007,M
297,Aidon,2007,M
298,Eric,2007,M
299,Van,2007,M
300,Patrick,2007,M
301,Landon,2007,M
302,William,2007,M
303,Frank,2007,M
304,Oliver,2007,M
305,Aidon,2007,M
306,David,2007,M
307,Ethan,2007,M
308,Roy,2007,M
309,Gavin,2007,M
310,Spancer,2007,M
311,Nicholas,2007,M
312,David,2007,M
313,Van,2007,M
314,Roy,2007,M
315,Chris,2007,M
316,Braydon,2007,M
317,Xzavier,2007,M
318,Aidon,2007,M
319,Yahir,2007,M
320,William,2008,M
321,Domingo,2008,M
322,Kyler,2008,M
323,Xzavier,2008,M
324,Tanner,2008,M
325,Joseph,2008,M
326,Xzavier,2008,M
327,Quincy,2008,M
328,Domingo,2008,M
329,Eric,2008,M
330,Aidon,2008,M
331,Owen,2008,M
332,Zane,2008,M
333,Mason,2008,M
334,Hayden,2008,M
335,Tanner,2008,M
336,Uriel,2008,M
337,Forrest,2008,M
338,Owen,2008,M
339,Braydon,2008,M
340,Zane,2008,M
341,David,2008,M
342,Hayden,2008,M
343,Joseph,2008,M
344,Samuel,2008,M
345,David,2008,M
346,Ethan,2008,M
347,Samuel,2008,M
348,Landon,2008,M
349,Eric,2008,M
350,Yordy,2008,M
351,Owen,2008,M
352,Spancer,2008,M
353,Oliver,2008,M
354,Nathan,2008,M
355,Wesley,2008,M
356,Owen,2008,M
357,Owen,2008,M
358,Van,2008,M
359,Ulises,2008,M
360,Kai,2008,M
361,Van,2008,M
362,Mason,2008,M
363,Ethan,2008,M
364,Braydon,2008,M
365,Henry,2008,M
366,Forrest,2008,M
367,Yordy,2008,M
368,Zachariah,2008,M
369,Joseph,2008,M
370,Samuel,2008,M
371,Eric,2008,M
372,Cooper,2008,M
373,Tanner,2008,M
374,Chris,2008,M
375,Ulises,2008,M
376,Ian,2008,M
377,Braydon,2008,M
378,Yahir,2008,M
379,Isaac,2008,M
380,Uriel,2008,M
381,Nicholas,2008,M
382,Joseph,2008,M
383,Yordy,2008,M
384,Isaac,2008,M
385,Yordy,2008,M
386,Xander,2008,M
387,Spancer,2008,M
388,Joseph,2008,M
389,Roy,2008,M
390,Zane,2008,M
391,Ulises,2008,M
392,Travis,2008,M
393,Brian,2008,M
394,William,2008,M
395,Zachariah,2008,M
396,Kyler,2008,M
397,Wesley,2008,M
398,Brian,2008,M
399,Frank,2008,M
400,David,2008,M
401,Peter,2008,M
402,Nicholas,2008,M
403,Domingo,2008,M
404,Van,2008,M
405,Eric,2008,M
406,Eric,2008,M
407,Hayden,2008,M
408,Peter,2008,M
409,Ethan,2008,M
410,Landon,2008,M
411,David,2008,M
412,Yahir,2008,M
413,Ethan,2008,M
414,Owen,2008,M
415,Quincy,2008,M
416,Wesley,2008,M
417,Quentin,2008,M
418,Ethan,2008,M
419,Owen,2008,M
420,Peter,2008,M
421,Zane,2008,M
422,Chris,2008,M
423,Quentin,2008,M
424,William,2008,M
425,Yordy,2008,M
426,Brian,2008,M
427,Austin,2008,M
428,Ethan,2008,M
429,Mark,2008,M
430,Quincy,2008,M
431,Domingo,2008,M
432,Ethan,2008,M
433,Tanner,2008,M
434,Vincent,2008,M
435,Cooper,2008,M
436,Roy,2008,M
437,Uriel,2008,M
438,Cooper,2008,M
439,Samuel,2008,M
440,Peter,2008,M
441,Quincy,2008,M
442,Austin,2008,M
443,Frank,2008,M
444,Brian,2008,M
445,Roy,2008,M
446,Ryan,2008,M
447,Peter,2008,M
448,Van,2008,M
449,Xander,2008,M
450,Ulises,2008,M
451,Quincy,2008,M
452,Yahir,2008,M
453,Xander,2008,M
454,Nathan,2008,M
455,Landon,2008,M
456,Samuel,2008,M
457,Hayden,2008,M
458,David,2008,M
459,Uriel,2008,M
460,Nathan,2008,M
461,Lucas,2008,M
462,Austin,2008,M
463,Lucas,2008,M
464,Kai,2008,M
465,Samuel,2008,M
466,Zachariah,2008,M
467,Cooper,2008,M
468,Gavin,2008,M
469,Yordy,2008,M
470,Forrest,2008,M
471,Wesley,2008,M
472,Wesley,2008,M
473,Quincy,2008,M
474,Hayden,2008,M
475,Ryan,2008,M
476,Domingo,2008,M
477,Cooper,2008,M
478,Chris,2008,M
479,Aidon,2008,M
480,Aidon,2008,M
481,Owen,2008,M
482,Ulises,2008,M
483,Quincy,2008,M
484,Zachariah,2008,M
485,Ryan,2008,M
486,Xander,2008,M
487,Hayden,2008,M
488,Yahir,2008,M
489,Kyler,2008,M
490,Xander,2008,M
491,Wesley,2008,M
492,Kyler,2008,M
493,Owen,2008,M
494,Domingo,2008,M
495,Van,2008,M
496,Quincy,2008,M
497,Nathan,2008,M
498,Gavin,2008,M
499,Roy,2008,M
500,Austin,2008,M
501,Braydon,2008,M
502,Braydon,2008,M
503,Travis,2008,M
504,Oliver,2008,M
505,Gavin,2008,M
506,Braydon,2008,M
507,Spancer,2008,M
508,Spancer,2008,M
509,Hayden,2008,M
510,Uriel,2008,M
511,Isaac,2008,M
512,Xander,2008,M
513,Tanner,2008,M
514,Yahir,2008,M
515,Yordy,2008,M
516,Aidon,2008,M
517,Cooper,2008,M
518,Cooper,2008,M
519,Hayden,2008,M
520,Cooper,2008,M
521,Quentin,2008,M
522,Justin,2008,M
523,Braydon,2008,M
524,Vincent,2008,M
525,Braydon,2008,M
526,Aidon,2008,M
527,Tanner,2008,M
528,William,2008,M
529,Zachariah,2008,M
530,Uriel,2008,M
531,Ryan,2008,M
532,Quincy,2008,M
533,Yahir,2008,M
534,Ian,2008,M
535,Austin,2008,M
536,Peter,2008,M
537,Mason,2008,M
538,Mark,2008,M
539,William,2008,M
540,Braydon,2008,M
541,Quincy,2008,M
542,Spancer,2008,M
543,Uriel,2008,M
544,Vincent,2008,M
545,Ian,2008,M
546,Ian,2008,M
547,Travis,2008,M
548,Ian,2008,M
549,Mason,2008,M
550,Spancer,2008,M
551,Yahir,2008,M
552,Xander,2008,M
553,Ulises,2008,M
554,Zachariah,2008,M
555,Nathan,2008,M
556,Peter,2008,M
557,Zane,2008,M
558,Cooper,2008,M
559,Patrick,2008,M
560,Isaac,2008,M
561,Braydon,2008,M
562,Owen,2008,M
563,Xander,2008,M
564,George,2008,M
565,Mark,2008,M
566,George,2008,M
567,Lucas,2008,M
568,William,2008,M
569,Forrest,2008,M
570,Quincy,2008,M
571,Hayden,2008,M
572,Nathan,2008,M
573,Uriel,2008,M
574,Wesley,2008,M
575,Uriel,2008,M
576,Vincent,2008,M
577,Ian,2008,M
578,Chris,2008,M
579,Spancer,2008,M
580,George,2008,M
581,Gavin,2009,M
582,Braydon,2009,M
583,Xzavier,2009,M
584,Quincy,2009,M
585,David,2009,M
586,Van,2009,M
587,Quincy,2009,M
588,Aidon,2009,M
589,Wesley,2009,M
590,Ethan,2009,M
591,Domingo,2009,M
592,Quincy,2009,M
593,Ulises,2009,M
594,Spancer,2009,M
595,Vincent,2009,M
596,Xzavier,2009,M
597,Chris,2009,M
598,Zachariah,2009,M
599,Kai,2009,M
600,Roy,2009,M
601,Forrest,2009,M
602,Austin,2009,M
603,Travis,2009,M
604,Nathan,2009,M
605,Yahir,2009,M
606,Samuel,2009,M
607,Austin,2009,M
608,Aidon,2009,M
609,George,2009,M
610,Tanner,2009,M
611,Patrick,2009,M
612,Justin,2009,M
613,Domingo,2009,M
614,Isaac,2009,M
615,Xander,2009,M
616,Owen,2009,M
617,Xzavier,2009,M
618,Kai,2009,M
619,Lucas,2009,M
620,Oliver,2009,M
621,Zane,2009,M
622,Eric,2009,M
623,Zane,2009,M
624,Ethan,2009,M
625,Justin,2009,M
626,Quincy,2009,M
627,Aidon,2009,M
628,Ulises,2009,M
629,Vincent,2009,M
630,Mark,2009,M
631,Mason,2009,M
632,Spancer,2009,M
633,Yordy,2009,M
634,Nathan,2009,M
635,Kyler,2009,M
636,Travis,2009,M
637,Austin,2009,M
638,David,2009,M
639,Hayden,2009,M
640,Xander,2009,M
641,Justin,2009,M
642,George,2009,M
643,Xzavier,2009,M
644,Oliver,2009,M
645,Frank,2009,M
646,Hayden,2009,M
647,Cooper,2009,M
648,Brian,2009,M
649,Kai,2009,M
650,Owen,2009,M
651,Henry,2009,M
652,Spancer,2009,M
653,Patrick,2009,M
654,Travis,2009,M
655,Quentin,2009,M
656,Eric,2009,M
657,Domingo,2009,M
658,Xzavier,2009,M
659,Gavin,2009,M
660,Roy,2009,M
661,Hayden,2009,M
662,Xander,2009,M
663,Spancer,2009,M
664,Justin,2009,M
665,David,2009,M
666,Cooper,2009,M
667,Yordy,2009,M
668,Uriel,2009,M
669,Mason,2009,M
670,Kyler,2009,M
671,Zachariah,2009,M
672,Aidon,2009,M
673,Isaac,2009,M
674,Uriel,2009,M
675,Owen,2009,M
676,Justin,2009,M
677,Justin,2009,M
678,Eric,2009,M
679,Ryan,2009,M
680,Ryan,2009,M
681,Frank,2009,M
682,Owen,2009,M
683,Nicholas,2009,M
684,Ryan,2009,M
685,Yordy,2009,M
686,Kai,2009,M
687,Eric,2009,M
688,Van,2009,M
689,Chris,2009,M
690,Gavin,2009,M
691,George,2009,M
692,Oliver,2009,M
693,Zachariah,2009,M
694,Oliver,2009,M
695,Roy,2009,M
696,Yordy,2009,M
697,Henry,2009,M
698,Eric,2009,M
699,Cooper,2009,M
700,Austin,2009,M
701,Landon,2009,M
702,Ryan,2009,M
703,William,2009,M
704,Brian,2009,M
705,Wesley,2009,M
706,Braydon,2009,M
707,Brian,2009,M
708,Joseph,2009,M
709,Frank,2009,M
710,Wesley,2009,M
711,Isaac,2009,M
712,Patrick,2009,M
713,Patrick,2009,M
714,David,2009,M
715,Eric,2009,M
716,Vincent,2009,M
717,Forrest,2009,M
718,Xander,2009,M
719,Yordy,2009,M
720,Yahir,2009,M
721,Ethan,2009,M
722,Henry,2009,M
723,Quincy,2009,M
724,Mason,2009,M
725,Braydon,2009,M
726,Landon,2009,M
727,William,2009,M
728,Kai,2009,M
729,Austin,2009,M
730,Quincy,2009,M
731,Brian,2009,M
732,Yordy,2009,M
733,Kai,2009,M
734,Landon,2009,M
735,Brian,2009,M
736,Van,2009,M
737,Ulises,2009,M
738,Quentin,2009,M
739,Eric,2009,M
740,Frank,2009,M
741,Quentin,2009,M
742,Peter,2009,M
743,Gavin,2009,M
744,Yahir,2009,M
745,Samuel,2009,M
746,Peter,2009,M
747,Austin,2009,M
748,Xzavier,2009,M
749,Vincent,2009,M
750,Nicholas,2009,M
751,Landon,2009,M
752,Ulises,2009,M
753,Isaac,2009,M
754,Owen,2009,M
755,Tanner,2009,M
756,David,2009,M
757,George,2009,M
758,Kyler,2009,M
759,Peter,2009,M
760,Yahir,2009,M
761,Wesley,2009,M
762,Justin,2009,M
763,Quentin,2009,M
764,Van,2009,M
765,Zane,2009,M
766,Chris,2009,M
767,Xander,2009,M
768,Vincent,2009,M
769,Brian,2009,M
770,Ulises,2009,M
771,Zane,2009,M
772,Owen,2009,M
773,Kyler,2009,M
774,Yahir,2009,M
775,Xander,2009,M
776,Cooper,2009,M
777,Braydon,2009,M
778,Owen,2009,M
779,Joseph,2009,M
780,Landon,2009,M
781,Chris,2009,M
782,David,2009,M
783,George,2009,M
784,Nicholas,2009,M
785,George,2009,M
786,David,2009,M
787,Henry,2009,M
788,Ryan,2009,M
789,Joseph,2009,M
790,Quincy,2009,M
791,Spancer,2009,M
792,Zachariah,2009,M
793,David,2009,M
794,Joseph,2009,M
795,Forrest,2009,M
796,Travis,2009,M
797,Ulises,2009,M
798,Austin,2009,M
799,Ulises,2009,M
800,Ian,2009,M
801,Chris,2009,M
802,Austin,2009,M
803,Roy,2009,M
804,Travis,2009,M
805,Aidon,2009,M
806,Travis,2009,M
807,Uriel,2009,M
808,Brian,2009,M
809,Braydon,2009,M
810,Ryan,2009,M
811,David,2009,M
812,Vincent,2009,M
813,Xander,2009,M
814,Gavin,2009,M
815,Owen,2009,M
816,William,2009,M
817,Owen,2009,M
818,Ian,2009,M
819,Justin,2009,M
820,David,2009,M
821,Eric,2010,M
822,Braydon,2010,M
823,Mason,2010,M
824,Forrest,2010,M
825,Lucas,2010,M
826,Nicholas,2010,M
827,George,2010,M
828,Van,2010,M
829,Aidon,2010,M
830,Oliver,2010,M
831,Wesley,2010,M
832,Henry,2010,M
833,Ian,2010,M
834,Kai,2010,M
835,Oliver,2010,M
836,Yahir,2010,M
837,Patrick,2010,M
838,Hayden,2010,M
839,Owen,2010,M
840,Owen,2010,M
841,Lucas,2010,M
842,Domingo,2010,M
843,Zachariah,2010,M
844,Cooper,2010,M
845,Hayden,2010,M
846,Quentin,2010,M
847,Kai,2010,M
848,Zane,2010,M
849,Joseph,2010,M
850,Aidon,2010,M
851,Yahir,2010,M
852,Xzavier,2010,M
853,Nicholas,2010,M
854,Landon,2010,M
855,David,2010,M
856,Braydon,2010,M
857,Chris,2010,M
858,Joseph,2010,M
859,Van,2010,M
860,Tanner,2010,M
861,Owen,2010,M
862,Domingo,2010,M
863,Cooper,2010,M
864,Cooper,2010,M
865,Xzavier,2010,M
866,Ryan,2010,M
867,Ian,2010,M
868,Frank,2010,M
869,Zane,2010,M
870,Eric,2010,M
871,Mark,2010,M
872,Owen,2010,M
873,Kai,2010,M
874,Ethan,2010,M
875,Domingo,2010,M
876,Peter,2010,M
877,Isaac,2010,M
878,Aidon,2010,M
879,Quentin,2010,M
880,Isaac,2010,M
881,Patrick,2010,M
882,Frank,2010,M
883,Forrest,2010,M
884,Vincent,2010,M
885,Isaac,2010,M
886,Patrick,2010,M
887,Ian,2010,M
888,Uriel,2010,M
889,Nicholas,2010,M
890,Zane,2010,M
891,Hayden,2010,M
892,Braydon,2010,M
893,David,2010,M
894,Domingo,2010,M
895,Uriel,2010,M
896,Xander,2010,M
897,David,2010,M
898,Owen,2010,M
899,Kai,2010,M
900,Eric,2010,M
901,Ryan,2010,M
902,Quentin,2010,M
903,Yordy,2010,M
904,Zachariah,2010,M
905,Hayden,2010,M
906,Yordy,2010,M
907,Peter,2010,M
908,Lucas,2010,M
909,Peter,2010,M
910,William,2010,M
911,Uriel,2010,M
912,Landon,2010,M
913,Ethan,2010,M
914,Lucas,2010,M
915,Domingo,2010,M
916,Samuel,2010,M
917,Spancer,2010,M
918,Forrest,2010,M
919,Vincent,2010,M
920,Henry,2010,M
921,Forrest,2010,M
922,Wesley,2010,M
923,Oliver,2010,M
924,Henry,2010,M
925,Mason,2010,M
926,Justin,2010,M
927,Justin,2010,M
928,David,2010,M
929,Joseph,2010,M
930,Patrick,2010,M
931,Samuel,2010,M
932,Landon,2010,M
933,Landon,2010,M
934,Travis,2010,M
935,Uriel,2010,M
936,Spancer,2010,M
937,Peter,2010,M
938,Mark,2010,M
939,Justin,2010,M
940,Spancer,2010,M
941,Isaac,2010,M
942,Nathan,2010,M
943,Domingo,2010,M
944,Landon,2010,M
945,Zachariah,2010,M
946,Aidon,2010,M
947,Xzavier,2010,M
948,Aidon,2010,M
949,Van,2010,M
950,Roy,2010,M
951,Mark,2010,M
952,Vincent,2010,M
953,Aidon,2010,M
954,Brian,2010,M
955,Frank,2010,M
956,Yordy,2010,M
957,Mason,2010,M
958,Ian,2010,M
959,Austin,2010,M
960,Travis,2010,M
961,Mark,2010,M
962,Chris,2010,M
963,Wesley,2010,M
964,Gavin,2010,M
965,Braydon,2010,M
966,George,2010,M
967,Zane,2010,M
968,Quincy,2010,M
969,Ethan,2010,M
970,Owen,2010,M
971,Wesley,2010,M
972,Roy,2010,M
973,Frank,2010,M
974,Quentin,2010,M
975,Wesley,2010,M
976,Braydon,2010,M
977,Brian,2010,M
978,Oliver,2010,M
979,Oliver,2010,M
980,Spancer,2010,M
981,Braydon,2010,M
982,Mark,2010,M
983,Frank,2010,M
984,Mason,2010,M
985,Wesley,2010,M
986,Ulises,2010,M
987,Xander,2010,M
988,Aidon,2010,M
989,David,2010,M
990,Quentin,2010,M
991,Ryan,2010,M
992,Wesley,2010,M
993,George,2010,M
994,George,2010,M
995,Braydon,2010,M
996,Brian,2010,M
997,Xzavier,2010,M
998,Oliver,2010,M
999,Quincy,2010,M
1000,Eric,2010,M
1001,Mark,2010,M
1002,Nathan,2010,M
1003,Frank,2010,M
1004,Ulises,2010,M
1005,Spancer,2010,M
1006,Ian,2010,M
1007,Austin,2010,M
1008,Chris,2010,M
1009,Isaac,2010,M
1010,Gavin,2010,M
1011,Hayden,2010,M
1012,Roy,2010,M
1013,Henry,2010,M
1014,Xzavier,2010,M
1015,Nicholas,2010,M
1016,Peter,2010,M
1017,Frank,2010,M
1018,David,2010,M
1019,Frank,2010,M
1020,Austin,2010,M
1021,Zane,2010,M
1022,Cooper,2010,M
1023,Chris,2010,M
1024,Justin,2010,M
1025,Yordy,2010,M
1026,Frank,2010,M
1027,Nicholas,2010,M
1028,Frank,2010,M
1029,Samuel,2010,M
1030,Patrick,2010,M
1031,Eric,2010,M
1032,Nathan,2010,M
1033,Kai,2010,M
1034,Chris,2010,M
1035,Domingo,2010,M
1036,Aidon,2010,M
1037,Peter,2010,M
1038,Landon,2010,M
1039,Nathan,2010,M
1040,Vincent,2010,M
1041,Tanner,2010,M
1042,Samuel,2010,M
1043,Xzavier,2010,M
1044,Ethan,2010,M
1045,Quentin,2010,M
1046,Lucas,2010,M
1047,Yahir,2010,M
1048,Justin,2010,M
1049,Roy,2010,M
1050,Travis,2010,M
1051,Forrest,2010,M
1052,Isaac,2010,M
1053,Joseph,2010,M
1054,Wesley,2010,M
1055,Ian,2010,M
1056,Brian,2010,M
1057,Braydon,2010,M
1058,Frank,2010,M
1059,Ulises,2010,M
1060,Brian,2010,M
1061,Xander,2010,M
1062,Mason,2010,M
1063,Aidon,2010,M
1064,Samuel,2010,M
1065,Lucas,2010,M
1066,Ulises,2010,M
1067,Yahir,2010,M
1068,Ryan,2010,M
1069,Nathan,2010,M
1070,Tanner,2010,M
1071,Ulises,2010,M
1072,Yahir,2010,M
1073,Xzavier,2010,M
1074,Aidon,2010,M
1075,Ulises,2010,M
1076,Frank,2010,M
1077,Roy,2010,M
1078,Ethan,2010,M
1079,Xander,2010,M
1080,Chris,2010,M
1081,Zane,2010,M
1082,Wesley,2010,M
1083,Yahir,2010,M
1084,Gavin,2010,M
1085,Owen,2010,M
1086,Tanner,2010,M
1087,Ryan,2010,M
1088,Gavin,2010,M
1089,Zane,2010,M
1090,Lucas,2010,M
1091,Nicholas,2010,M
1092,Eric,2010,M
1093,Braydon,2010,M
1094,Henry,2010,M
1095,Samuel,2010,M
1096,Cooper,2010,M
1097,Peter,2010,M
1098,Zachariah,2010,M
1099,Kyler,2010,M
1100,Brian,2010,M
1101,Zachariah,2010,M
1102,Henry,2010,M
1103,Roy,2010,M
1104,Forrest,2010,M
1105,Xzavier,2010,M
1106,Isaac,2010,M
1107,Ryan,2010,M
1108,Xander,2010,M
1109,Owen,2010,M
1110,George,2010,M
1111,Wesley,2010,M
1112,Isaac,2010,M
1113,Travis,2010,M
1114,Nicholas,2010,M
1115,Vincent,2010,M
1116,George,2010,M
1117,Gavin,2010,M
1118,Yordy,2010,M
1119,Gavin,2010,M
1120,George,2010,M
1121,Xzavier,2010,M
1122,Spancer,2010,M
1123,Tanner,2010,M
1124,Joseph,2010,M
1125,Yordy,2010,M
1126,Landon,2010,M
1127,Vincent,2010,M
1128,Roy,2010,M
1129,Oliver,2010,M
1130,Aidon,2010,M
1131,Xander,2010,M
1132,David,2010,M
1133,Aidon,2010,M
1134,Xzavier,2010,M
1135,Zachariah,2010,M
1136,Peter,2010,M
1137,Isaac,2010,M
1138,Nicholas,2010,M
1139,Zachariah,2010,M
1140,Brian,2010,M
1141,David,2010,M
1142,Justin,2010,M
1143,Van,2010,M
1144,Mark,2010,M
1145,Kai,2010,M
1146,Spancer,2010,M
1147,Justin,2010,M
1148,Uriel,2010,M
1149,Gavin,2010,M
1150,Ian,2010,M
1151,Aidon,2010,M
1152,Ulises,2010,M
1153,Mark,2010,M
1154,Chris,2010,M
1155,Xander,2010,M
1156,Hayden,2010,M
1157,Eric,2010,M
1158,Yahir,2010,M
1159,Peter,2010,M
1160,Ulises,2010,M
1161,Owen,2010,M
1162,Quentin,2010,M
1163,William,2010,M
1164,Aidon,2010,M
1165,Ethan,2010,M
1166,Roy,2010,M
1167,Chris,2010,M
1168,Ian,2010,M
1169,Zachariah,2010,M
1170,Ulises,2010,M
1171,Uriel,2010,M
1172,Zane,2010,M
1173,Patrick,2010,M
1174,Van,2010,M
1175,Isaac,2010,M
1176,Landon,2010,M
1177,Frank,2010,M
1178,Yahir,2010,M
1179,Austin,2010,M
1180,Spancer,2010,M
1181,Chris,2010,M
1182,Nathan,2010,M
1183,Mason,2010,M
1184,Tanner,2010,M
1185,Chris,2010,M
1186,Xander,2010,M
1187,Braydon,2010,M
1188,Justin,2010,M
1189,Tanner,2010,M
1190,Kyler,2010,M
1191,Nathan,2010,M
1192,Joseph,2010,M
1193,Domingo,2010,M
1194,Austin,2010,M
1195,William,2010,M
1196,Henry,2010,M
1197,Quentin,2010,M
1198,Mark,2010,M
1199,Xzavier,2010,M
1200,Isaac,2010,M
1201,Peter,2010,M
1202,Lucas,2010,M
1203,Isaac,2010,M
1204,Mark,2010,M
1205,Nathan,2010,M
1206,Ian,2010,M
1207,Yahir,2010,M
1208,Xzavier,2010,M
1209,Quentin,2010,M
1210,William,2010,M
1211,David,2010,M
1212,Patrick,2010,M
1213,Joseph,2010,M
1214,Patrick,2010,M
1215,Vincent,2010,M
1216,Ryan,2010,M
1217,Uriel,2010,M
1218,Frank,2010,M
1219,Quentin,2010,M
1220,Domingo,2010,M
1221,Gavin,2010,M
1222,Justin,2010,M
1223,Nicholas,2010,M
1224,Peter,2010,M
1225,Nathan,2010,M
1226,Ian,2010,M
1227,Braydon,2010,M
1228,Samuel,2010,M
1229,Kai,2010,M
1230,Uriel,2010,M
1231,Kyler,2010,M
1232,Quincy,2010,M
1233,Tanner,2010,M
1234,Landon,2010,M
1235,Yahir,2010,M
1236,Quincy,2010,M
1237,Zachariah,2010,M
1238,Wesley,2010,M
1239,Chris,2010,M
1240,Nicholas,2010,M
1241,Austin,2010,M
1242,Nicholas,2010,M
1243,Quincy,2010,M
1244,Roy,2010,M
1245,Gavin,2010,M
1246,Mark,2010,M
1247,Ethan,2010,M
1248,Mark,2010,M
1249,Hayden,2010,M
1250,Quincy,2010,M
1251,Landon,2010,M
1252,Yordy,2010,M
1253,Yordy,2010,M
1254,Brian,2010,M
1255,Frank,2010,M
1256,Nicholas,2010,M
1257,Hayden,2010,M
1258,Gavin,2010,M
1259,George,2010,M
1260,Ethan,2010,M
1261,Austin,2010,M
1262,Forrest,2010,M
1263,Owen,2010,M
1264,Travis,2010,M
1265,Yordy,2010,M
1266,Domingo,2010,M
1267,Yahir,2010,M
1268,Aidon,2010,M
1269,Isaac,2010,M
1270,Forrest,2010,M
1271,Peter,2010,M
1272,Travis,2010,M
1273,Brian,2010,M
1274,Ethan,2010,M
1275,Ryan,2010,M
1276,Isaac,2010,M
1277,Henry,2010,M
1278,Joseph,2010,M
1279,Braydon,2010,M
1280,Landon,2010,M
1281,Gavin,2011,M
1282,Kai,2011,M
1283,Chris,2011,M
1284,Roy,2011,M
1285,Zachariah,2011,M
1286,Vincent,2011,M
1287,David,2011,M
1288,Brian,2011,M
1289,Patrick,2011,M
1290,Wesley,2011,M
1291,Travis,2011,M
1292,Joseph,2011,M
1293,Forrest,2011,M
1294,Wesley,2011,M
1295,Mark,2011,M
1296,Xander,2011,M
1297,Xander,2011,M
1298,David,2011,M
1299,Ulises,2011,M
1300,Landon,2011,M
1301,Quincy,2011,M
1302,Uriel,2011,M
1303,Xander,2011,M
1304,Zane,2011,M
1305,Isaac,2011,M
1306,Peter,2011,M
1307,Ian,2011,M
1308,Justin,2011,M
1309,Zane,2011,M
1310,Brian,2011,M
1311,Gavin,2011,M
1312,Chris,2011,M
1313,George,2011,M
1314,Gavin,2011,M
1315,Aidon,2011,M
1316,Landon,2011,M
1317,Samuel,2011,M
1318,William,2011,M
1319,Roy,2011,M
1320,William,2011,M
1321,Nathan,2011,M
1322,Kai,2011,M
1323,Yordy,2011,M
1324,Zane,2011,M
1325,Aidon,2011,M
1326,David,2011,M
1327,Isaac,2011,M
1328,Mason,2011,M
1329,Lucas,2011,M
1330,Braydon,2011,M
1331,Eric,2011,M
1332,Quincy,2011,M
1333,Xander,2011,M
1334,Zane,2011,M
1335,Roy,2011,M
1336,Tanner,2011,M
1337,Vincent,2011,M
1338,Owen,2011,M
1339,Ethan,2011,M
1340,Austin,2011,M
1341,Ethan,2011,M
1342,Wesley,2011,M
1343,Tanner,2011,M
1344,Peter,2011,M
1345,Nicholas,2011,M
1346,Nathan,2011,M
1347,Zane,2011,M
1348,Xander,2011,M
1349,Aidon,2011,M
1350,Van,2011,M
1351,Zane,2011,M
1352,Zane,2011,M
1353,Cooper,2011,M
1354,Domingo,2011,M
1355,Cooper,2011,M
1356,Joseph,2011,M
1357,Brian,2011,M
1358,Braydon,2011,M
1359,Wesley,2011,M
1360,Nicholas,2011,M
1361,Zane,2011,M
1362,Vincent,2011,M
1363,Xander,2011,M
1364,Xander,2011,M
1365,Henry,2011,M
1366,Forrest,2011,M
1367,Ryan,2011,M
1368,Quentin,2011,M
1369,Frank,2011,M
1370,Brian,2011,M
1371,Uriel,2011,M
1372,Isaac,2011,M
1373,Cooper,2011,M
1374,Roy,2011,M
1375,Xander,2011,M
1376,Peter,2011,M
1377,Travis,2011,M
1378,Vincent,2011,M
1379,Gavin,2011,M
1380,Isaac,2011,M
1381,Chris,2011,M
1382,Zachariah,2011,M
1383,Quentin,2011,M
1384,Hayden,2011,M
1385,Patrick,2011,M
1386,Cooper,2011,M
1387,Aidon,2011,M
1388,Quentin,2011,M
1389,Mason,2011,M
1390,Roy,2011,M
1391,Lucas,2011,M
1392,Oliver,2011,M
1393,Owen,2011,M
1394,Quentin,2011,M
1395,Ryan,2011,M
1396,Hayden,2011,M
1397,Zachariah,2011,M
1398,Zachariah,2011,M
1399,Austin,2011,M
1400,Tanner,2011,M
1401,Roy,2011,M
1402,Cooper,2011,M
1403,Spancer,2011,M
1404,Aidon,2011,M
1405,Mason,2011,M
1406,Vincent,2011,M
1407,Cooper,2011,M
1408,Nathan,2011,M
1409,Nathan,2011,M
1410,Nicholas,2011,M
1411,Brian,2011,M
1412,Joseph,2011,M
1413,Quentin,2011,M
1414,Henry,2011,M
1415,Gavin,2011,M
1416,Brian,2011,M
1417,Quentin,2011,M
1418,Peter,2011,M
1419,Yahir,2011,M
1420,Patrick,2011,M
1421,Nathan,2011,M
1422,Ryan,2011,M
1423,Justin,2011,M
1424,Travis,2011,M
1425,Gavin,2011,M
1426,Quentin,2011,M
1427,Austin,2011,M
1428,Justin,2011,M
1429,Spancer,2011,M
1430,Ulises,2011,M
1431,Uriel,2011,M
1432,Yordy,2011,M
1433,Uriel,2011,M
1434,Aidon,2011,M
1435,Ethan,2011,M
1436,Xzavier,2011,M
1437,Roy,2011,M
1438,Lucas,2011,M
1439,Peter,2011,M
1440,Braydon,2011,M
1441,Justin,2011,M
1442,Owen,2011,M
1443,Mark,2011,M
1444,Van,2011,M
1445,George,2011,M
1446,Mark,2011,M
1447,Van,2011,M
1448,Zachariah,2011,M
1449,William,2011,M
1450,Nicholas,2011,M
1451,Nicholas,2011,M
1452,Lucas,2011,M
1453,Xander,2011,M
1454,Yahir,2011,M
1455,Owen,2011,M
1456,Peter,2011,M
1457,Van,2011,M
1458,Joseph,2011,M
1459,Joseph,2011,M
1460,Isaac,2011,M
1461,Travis,2011,M
1462,Ian,2011,M
1463,Zane,2011,M
1464,Justin,2011,M
1465,Zachariah,2011,M
1466,Spancer,2011,M
1467,Aidon,2011,M
1468,Nicholas,2011,M
1469,William,2011,M
1470,Yahir,2011,M
1471,Lucas,2011,M
1472,Quincy,2011,M
1473,Travis,2011,M
1474,Nicholas,2011,M
1475,Quincy,2011,M
1476,Wesley,2011,M
1477,Kyler,2011,M
1478,Patrick,2011,M
1479,Nathan,2011,M
1480,Vincent,2011,M
1481,Yordy,2011,M
1482,Nicholas,2011,M
1483,Xzavier,2011,M
1484,Brian,2011,M
1485,Spancer,2011,M
1486,Lucas,2011,M
1487,Domingo,2011,M
1488,Xzavier,2011,M
1489,Joseph,2011,M
1490,Kyler,2011,M
1491,Gavin,2011,M
1492,Roy,2011,M
1493,Quentin,2011,M
1494,Ian,2011,M
1495,Aidon,2011,M
1496,Oliver,2011,M
1497,Gavin,2011,M
1498,Van,2011,M
1499,Brian,2011,M
1500,Oliver,2011,M
1501,Isaac,2011,M
1502,Henry,2011,M
1503,Patrick,2011,M
1504,Aidon,2011,M
1505,Forrest,2011,M
1506,Nicholas,2011,M
1507,Braydon,2011,M
1508,Travis,2011,M
1509,Nicholas,2011,M
1510,Braydon,2011,M
1511,Quentin,2011,M
1512,William,2011,M
1513,Peter,2011,M
1514,Roy,2011,M
1515,Uriel,2011,M
1516,Eric,2011,M
1517,Travis,2011,M
1518,Spancer,2011,M
1519,Frank,2011,M
1520,Kai,2011,M
1521,Ulises,2011,M
1522,Ian,2011,M
1523,Travis,2011,M
1524,Uriel,2011,M
1525,Xander,2011,M
1526,Joseph,2011,M
1527,Xander,2011,M
1528,Domingo,2011,M
1529,Braydon,2011,M
1530,Hayden,2011,M
1531,Ian,2011,M
1532,Van,2011,M
1533,Yordy,2011,M
1534,Yordy,2011,M
1535,Oliver,2011,M
1536,Uriel,2011,M
1537,Nathan,2011,M
1538,Aidon,2011,M
1539,Ulises,2011,M
1540,Justin,2011,M
1541,Uriel,2011,M
1542,Ethan,2011,M
1543,Joseph,2011,M
1544,Xander,2011,M
1545,Nicholas,2011,M
1546,William,2011,M
1547,Ian,2011,M
1548,Zachariah,2011,M
1549,Ryan,2011,M
1550,Quentin,2011,M
1551,Forrest,2011,M
1552,Van,2011,M
1553,Van,2011,M
1554,Nicholas,2011,M
1555,Quentin,2011,M
1556,Kai,2011,M
1557,Vincent,2011,M
1558,Peter,2011,M
1559,Tanner,2011,M
1560,Frank,2011,M
1561,Spancer,2011,M
1562,Spancer,2011,M
1563,Braydon,2011,M
1564,Joseph,2011,M
1565,David,2012,M
1566,Nicholas,2012,M
1567,Aidon,2012,M
1568,Zane,2012,M
1569,Spancer,2012,M
1570,Wesley,2012,M
1571,Quentin,2012,M
1572,Frank,2012,M
1573,Quentin,2012,M
1574,Justin,2012,M
1575,Xander,2012,M
1576,Roy,2012,M
1577,Ulises,2012,M
1578,Quentin,2012,M
1579,Gavin,2012,M
1580,Nicholas,2012,M
1581,Peter,2012,M
1582,Quincy,2012,M
1583,Nathan,2012,M
1584,Braydon,2012,M
1585,William,2012,M
1586,Kyler,2012,M
1587,Spancer,2012,M
1588,Ian,2012,M
1589,Oliver,2012,M
1590,Quentin,2012,M
1591,Owen,2012,M
1592,Cooper,2012,M
1593,Aidon,2012,M
1594,Quentin,2012,M
1595,Spancer,2012,M
1596,Justin,2012,M
1597,Nicholas,2012,M
1598,Forrest,2012,M
1599,Nicholas,2012,M
1600,Quentin,2012,M
1601,Frank,2012,M
1602,Nicholas,2012,M
1603,George,2012,M
1604,Van,2012,M
1605,Patrick,2012,M
1606,Uriel,2012,M
1607,Samuel,2012,M
1608,Nicholas,2012,M
1609,Patrick,2012,M
1610,Zachariah,2012,M
1611,Chris,2012,M
1612,Oliver,2012,M
1613,William,2012,M
1614,Eric,2012,M
1615,Van,2012,M
1616,Hayden,2012,M
1617,Patrick,2012,M
1618,Landon,2012,M
1619,Vincent,2012,M
1620,David,2012,M
1621,Ryan,2012,M
1622,Nathan,2012,M
1623,Owen,2012,M
1624,Domingo,2012,M
1625,Roy,2012,M
1626,Landon,2012,M
1627,Hayden,2012,M
1628,Henry,2012,M
1629,Wesley,2012,M
1630,Landon,2012,M
1631,Nathan,2012,M
1632,Nathan,2012,M
1633,Patrick,2012,M
1634,Xzavier,2012,M
1635,William,2012,M
1636,Roy,2012,M
1637,Uriel,2012,M
1638,Kai,2012,M
1639,Zane,2012,M
1640,Kai,2012,M
1641,Kyler,2012,M
1642,Joseph,2012,M
1643,Zachariah,2012,M
1644,Vincent,2012,M
1645,Austin,2012,M
1646,Xander,2012,M
1647,Yahir,2012,M
1648,Peter,2012,M
1649,Domingo,2012,M
1650,Patrick,2012,M
1651,Tanner,2012,M
1652,Austin,2012,M
1653,Spancer,2012,M
1654,Frank,2012,M
1655,Lucas,2012,M
1656,Landon,2012,M
1657,Ulises,2012,M
1658,Kai,2012,M
1659,Ulises,2012,M
1660,Oliver,2012,M
1661,Quincy,2012,M
1662,Tanner,2012,M
1663,Mark,2012,M
1664,Zane,2012,M
1665,Xander,2012,M
1666,Vincent,2012,M
1667,Van,2012,M
1668,Cooper,2012,M
1669,Spancer,2012,M
1670,Ryan,2012,M
1671,Ethan,2012,M
1672,Chris,2012,M
1673,Zachariah,2012,M
1674,Hayden,2012,M
1675,Landon,2012,M
1676,Frank,2012,M
1677,Domingo,2012,M
1678,Samuel,2012,M
1679,Chris,2012,M
1680,Uriel,2012,M
1681,Patrick,2012,M
1682,Kai,2012,M
1683,George,2012,M
1684,Domingo,2012,M
1685,Ulises,2012,M
1686,Forrest,2012,M
1687,Lucas,2012,M
1688,Xzavier,2012,M
1689,Samuel,2012,M
1690,Mason,2012,M
1691,Brian,2012,M
1692,Lucas,2012,M
1693,Cooper,2012,M
1694,Xander,2012,M
1695,Gavin,2012,M
1696,William,2012,M
1697,Cooper,2012,M
1698,Nathan,2012,M
1699,Domingo,2012,M
1700,Spancer,2012,M
1701,Wesley,2012,M
1702,Landon,2012,M
1703,Quentin,2012,M
1704,Chris,2012,M
1705,Landon,2012,M
1706,Xzavier,2012,M
1707,Kyler,2012,M
1708,Owen,2012,M
1709,Mark,2012,M
1710,Kyler,2012,M
1711,Xzavier,2012,M
1712,Spancer,2012,M
1713,Brian,2012,M
1714,Domingo,2012,M
1715,Roy,2012,M
1716,David,2012,M
1717,Oliver,2012,M
1718,Hayden,2012,M
1719,Zachariah,2012,M
1720,Roy,2012,M
1721,Oliver,2012,M
1722,Aidon,2012,M
1723,Van,2012,M
1724,Austin,2012,M
1725,Xzavier,2012,M
1726,Patrick,2012,M
1727,Nathan,2012,M
1728,Henry,2012,M
1729,Owen,2012,M
1730,Henry,2012,M
1731,Uriel,2012,M
1732,Joseph,2012,M
1733,Landon,2012,M
1734,Hayden,2012,M
1735,Yahir,2012,M
1736,Hayden,2012,M
1737,Forrest,2012,M
1738,Ryan,2012,M
1739,Eric,2012,M
1740,Tanner,2012,M
1741,Kai,2012,M
1742,Kyler,2012,M
1743,Quincy,2012,M
1744,Nicholas,2012,M
1745,Henry,2012,M
1746,Uriel,2012,M
1747,Mason,2012,M
1748,Chris,2012,M
1749,Nicholas,2012,M
1750,Wesley,2012,M
1751,Zachariah,2012,M
1752,Van,2012,M
1753,Hayden,2012,M
1754,Oliver,2012,M
1755,Quincy,2012,M
1756,Van,2012,M
1757,Zane,2012,M
1758,Patrick,2012,M
1759,Isaac,2012,M
1760,David,2012,M
1761,Nicholas,2012,M
1762,Ulises,2012,M
1763,George,2012,M
1764,Kyler,2012,M
1765,Austin,2012,M
1766,Landon,2012,M
1767,Kai,2012,M
1768,Brian,2012,M
1769,Chris,2012,M
1770,Spancer,2012,M
1771,Yordy,2012,M
1772,Mark,2012,M
1773,Yahir,2012,M
1774,Vincent,2012,M
1775,Yordy,2012,M
1776,Van,2012,M
1777,Aidon,2012,M
1778,Xzavier,2012,M
1779,Eric,2012,M
1780,Joseph,2012,M
1781,Henry,2012,M
1782,Nathan,2012,M
1783,Oliver,2012,M
1784,Brian,2012,M
1785,Ryan,2012,M
1786,Samuel,2012,M
1787,Quincy,2012,M
1788,Austin,2012,M
1789,Yahir,2012,M
1790,Austin,2012,M
1791,Gavin,2012,M
1792,Justin,2012,M
1793,George,2012,M
1794,Lucas,2012,M
1795,Quentin,2012,M
1796,Braydon,2012,M
1797,David,2012,M
1798,Patrick,2012,M
1799,Wesley,2012,M
1800,Hayden,2012,M
1801,Braydon,2012,M
1802,Yahir,2012,M
1803,Yordy,2012,M
1804,Landon,2012,M
1805,Lailah,2006,F
1806,Ximena,2006,F
1807,Izumi,2006,F
1808,Hope,2006,F
1809,Selina,2006,F
1810,Hope,2006,F
1811,Filit,2006,F
1812,Nicole,2006,F
1813,Olivia,2006,F
1814,Lailah,2006,F
1815,Kelly,2006,F
1816,Quetzalli,2006,F
1817,Lailah,2006,F
1818,Izumi,2006,F
1819,Hope,2006,F
1820,Patricia,2006,F
1821,Xochitl,2006,F
1822,Jocelyn,2006,F
1823,Diana,2006,F
1824,Ximena,2006,F
1825,Brenna,2006,F
1826,Helen,2006,F
1827,Lily,2006,F
1828,Unique,2006,F
1829,Vivienne,2006,F
1830,Quetzalli,2006,F
1831,Yocelin,2006,F
1832,Emily,2006,F
1833,Tiana,2006,F
1834,Vivian,2006,F
1835,Tiana,2006,F
1836,Filit,2006,F
1837,Emily,2006,F
1838,Hope,2006,F
1839,Peyton,2006,F
1840,Diana,2006,F
1841,Rayna,2006,F
1842,Helen,2006,F
1843,Noriko,2006,F
1844,Cathy,2006,F
1845,Tiana,2006,F
1846,Gracie,2006,F
1847,Quinn,2006,F
1848,Selina,2006,F
1849,Chelsea,2006,F
1850,Quinn,2006,F
1851,Odalys,2006,F
1852,Jocelyn,2006,F
1853,Quinn,2006,F
1854,Noriko,2006,F
1855,Irene,2006,F
1856,Noriko,2006,F
1857,Helen,2006,F
1858,Emily,2006,F
1859,Olivia,2006,F
1860,Vivienne,2006,F
1861,Vivienne,2006,F
1862,Diana,2006,F
1863,Briana,2006,F
1864,Unique,2006,F
1865,Quinn,2006,F
1866,Abby,2006,F
1867,Frezen,2006,F
1868,Emily,2006,F
1869,Xochitl,2006,F
1870,Unique,2006,F
1871,Patricia,2006,F
1872,Maria,2006,F
1873,Frezen,2006,F
1874,Una,2006,F
1875,Noriko,2006,F
1876,Kira,2006,F
1877,Ximena,2006,F
1878,Rose,2006,F
1879,Unique,2006,F
1880,Unique,2006,F
1881,Odalys,2006,F
1882,Rose,2006,F
1883,Vivienne,2006,F
1884,Erica,2006,F
1885,Delaney,2006,F
1886,Vivian,2006,F
1887,Briana,2006,F
1888,Patricia,2006,F
1889,Xochitl,2006,F
1890,Yocelin,2006,F
1891,Xochitl,2006,F
1892,Lailah,2006,F
1893,Unique,2006,F
1894,Spring,2006,F
1895,Delaney,2006,F
1896,Hope,2006,F
1897,Brenna,2006,F
1898,Maria,2006,F
1899,Irene,2006,F
1900,Delaney,2006,F
1901,Rose,2006,F
1902,Brenna,2006,F
1903,Frezen,2006,F
1904,Unique,2006,F
1905,Lailah,2006,F
1906,Brenna,2006,F
1907,Erica,2006,F
1908,Zaria,2006,F
1909,Erica,2006,F
1910,Olivia,2006,F
1911,Chelsea,2006,F
1912,Brenna,2006,F
1913,Kira,2006,F
1914,Gracie,2006,F
1915,Izumi,2006,F
1916,Gabriella,2006,F
1917,Kira,2006,F
1918,Helen,2006,F
1919,Rayna,2006,F
1920,Quetzalli,2006,F
1921,Rose,2006,F
1922,Odalys,2006,F
1923,Peyton,2006,F
1924,Vivian,2006,F
1925,Emily,2006,F
1926,Quinn,2006,F
1927,Vivienne,2006,F
1928,Vivienne,2006,F
1929,Tiana,2006,F
1930,Odalys,2006,F
1931,Jocelyn,2006,F
1932,Abby,2006,F
1933,Mia,2006,F
1934,Ximena,2006,F
1935,Unique,2006,F
1936,Frezen,2006,F
1937,Brenna,2006,F
1938,Cathy,2006,F
1939,Vivian,2006,F
1940,Taylor,2006,F
1941,Mia,2006,F
1942,Julie,2006,F
1943,Brenna,2006,F
1944,Una,2006,F
1945,Jocelyn,2006,F
1946,Xochitl,2006,F
1947,Julie,2006,F
1948,Unique,2006,F
1949,Spring,2006,F
1950,Vivienne,2006,F
1951,Yazmin,2006,F
1952,Una,2006,F
1953,Winter,2006,F
1954,Quinn,2006,F
1955,Rose,2006,F
1956,Brenna,2006,F
1957,Erica,2006,F
1958,Kelly,2006,F
1959,Una,2006,F
1960,Jocelyn,2006,F
1961,Hope,2006,F
1962,Rayna,2006,F
1963,Brenna,2006,F
1964,Noriko,2006,F
1965,Maria,2006,F
1966,Ximena,2006,F
1967,Selina,2006,F
1968,Irene,2006,F
1969,Abby,2006,F
1970,Julie,2006,F
1971,Diana,2006,F
1972,Jocelyn,2006,F
1973,Hope,2006,F
1974,Quetzalli,2006,F
1975,Kira,2006,F
1976,Jocelyn,2006,F
1977,Quetzalli,2006,F
1978,Nicole,2006,F
1979,Taylor,2006,F
1980,Kira,2006,F
1981,Rayna,2006,F
1982,Irene,2006,F
1983,Helen,2006,F
1984,Selina,2006,F
1985,Lailah,2006,F
1986,Maria,2006,F
1987,Abby,2006,F
1988,Kelly,2006,F
1989,Tiana,2006,F
1990,Tiana,2006,F
1991,Chelsea,2006,F
1992,Chelsea,2006,F
1993,Winter,2006,F
1994,Quetzalli,2006,F
1995,Amber,2006,F
1996,Julie,2006,F
1997,Izumi,2006,F
1998,Hope,2006,F
1999,Diana,2006,F
2000,Chelsea,2006,F
2001,Julie,2006,F
2002,Briana,2006,F
2003,Delaney,2006,F
2004,Chelsea,2006,F
2005,Delaney,2006,F
2006,Olivia,2006,F
2007,Delaney,2006,F
2008,Vivienne,2006,F
2009,Chelsea,2006,F
2010,Patricia,2006,F
2011,Winter,2006,F
2012,Helen,2006,F
2013,Maria,2006,F
2014,Willow,2006,F
2015,Zoe,2006,F
2016,Zoe,2006,F
2017,Nicole,2006,F
2018,Jocelyn,2006,F
2019,Yazmin,2006,F
2020,Quinn,2006,F
2021,Yocelin,2007,F
2022,Vivienne,2007,F
2023,Xochitl,2007,F
2024,Kira,2007,F
2025,Yazmin,2007,F
2026,Quinn,2007,F
2027,Chelsea,2007,F
2028,Helen,2007,F
2029,Noriko,2007,F
2030,Mia,2007,F
2031,Rayna,2007,F
2032,Briana,2007,F
2033,Odalys,2007,F
2034,Willow,2007,F
2035,Frezen,2007,F
2036,Irene,2007,F
2037,Briana,2007,F
2038,Kira,2007,F
2039,Gabriella,2007,F
2040,Helen,2007,F
2041,Rayna,2007,F
2042,Quetzalli,2007,F
2043,Erica,2007,F
2044,Abby,2007,F
2045,Abby,2007,F
2046,Zoe,2007,F
2047,Patricia,2007,F
2048,Peyton,2007,F
2049,Yazmin,2007,F
2050,Izumi,2007,F
2051,Jocelyn,2007,F
2052,Lily,2007,F
2053,Julie,2007,F
2054,Izumi,2007,F
2055,Helen,2007,F
2056,Lily,2007,F
2057,Frezen,2007,F
2058,Chelsea,2007,F
2059,Julie,2007,F
2060,Vivienne,2007,F
2061,Gabriella,2007,F
2062,Unique,2007,F
2063,Mia,2007,F
2064,Xochitl,2007,F
2065,Rayna,2007,F
2066,Vivian,2007,F
2067,Yocelin,2007,F
2068,Cathy,2007,F
2069,Brenna,2007,F
2070,Briana,2007,F
2071,Willow,2007,F
2072,Lily,2007,F
2073,Chelsea,2007,F
2074,Helen,2007,F
2075,Spring,2007,F
2076,Kelly,2007,F
2077,Julie,2007,F
2078,Gabriella,2007,F
2079,Kelly,2007,F
2080,Patricia,2007,F
2081,Spring,2007,F
2082,Brenna,2007,F
2083,Frezen,2007,F
2084,Patricia,2007,F
2085,Gracie,2007,F
2086,Patricia,2007,F
2087,Abby,2007,F
2088,Spring,2007,F
2089,Nicole,2007,F
2090,Brenna,2007,F
2091,Una,2007,F
2092,Zaria,2007,F
2093,Taylor,2007,F
2094,Patricia,2007,F
2095,Gracie,2007,F
2096,Rose,2007,F
2097,Mia,2007,F
2098,Xochitl,2007,F
2099,Olivia,2007,F
2100,Diana,2007,F
2101,Odalys,2007,F
2102,Brenna,2007,F
2103,Abby,2007,F
2104,Gracie,2007,F
2105,Diana,2007,F
2106,Spring,2007,F
2107,Mia,2007,F
2108,Gabriella,2007,F
2109,Zaria,2007,F
2110,Lailah,2007,F
2111,Selina,2007,F
2112,Jocelyn,2007,F
2113,Chelsea,2007,F
2114,Vivienne,2007,F
2115,Vivienne,2007,F
2116,Gracie,2007,F
2117,Julie,2007,F
2118,Noriko,2007,F
2119,Julie,2007,F
2120,Frezen,2007,F
2121,Ximena,2007,F
2122,Lily,2007,F
2123,Lily,2007,F
2124,Xochitl,2007,F
2125,Mia,2007,F
2126,Spring,2007,F
2127,Diana,2007,F
2128,Lily,2007,F
2129,Nicole,2007,F
2130,Chelsea,2007,F
2131,Chelsea,2007,F
2132,Irene,2007,F
2133,Nicole,2007,F
2134,Yazmin,2007,F
2135,Selina,2007,F
2136,Willow,2007,F
2137,Una,2007,F
2138,Cathy,2007,F
2139,Taylor,2007,F
2140,Kelly,2007,F
2141,Jocelyn,2007,F
2142,Jocelyn,2007,F
2143,Vivienne,2007,F
2144,Rayna,2007,F
2145,Patricia,2007,F
2146,Abby,2007,F
2147,Zoe,2007,F
2148,Patricia,2007,F
2149,Emily,2007,F
2150,Irene,2007,F
2151,Julie,2007,F
2152,Unique,2007,F
2153,Peyton,2007,F
2154,Kira,2007,F
2155,Olivia,2007,F
2156,Taylor,2007,F
2157,Amber,2007,F
2158,Rayna,2007,F
2159,Tiana,2007,F
2160,Abby,2007,F
2161,Delaney,2007,F
2162,Abby,2007,F
2163,Yocelin,2007,F
2164,Abby,2007,F
2165,Emily,2007,F
2166,Selina,2007,F
2167,Rayna,2007,F
2168,Vivienne,2007,F
2169,Patricia,2007,F
2170,Filit,2007,F
2171,Brenna,2007,F
2172,Chelsea,2007,F
2173,Nicole,2007,F
2174,Mia,2007,F
2175,Quetzalli,2007,F
2176,Yazmin,2007,F
2177,Noriko,2007,F
2178,Filit,2007,F
2179,Helen,2007,F
2180,Quinn,2007,F
2181,Una,2007,F
2182,Gabriella,2007,F
2183,Rose,2007,F
2184,Mia,2007,F
2185,Ximena,2007,F
2186,Yocelin,2007,F
2187,Chelsea,2007,F
2188,Taylor,2007,F
2189,Vivienne,2007,F
2190,Lailah,2007,F
2191,Maria,2007,F
2192,Emily,2007,F
2193,Irene,2007,F
2194,Unique,2007,F
2195,Irene,2007,F
2196,Patricia,2007,F
2197,Quetzalli,2007,F
2198,Willow,2007,F
2199,Peyton,2007,F
2200,Una,2007,F
2201,Yazmin,2007,F
2202,Lily,2007,F
2203,Delaney,2007,F
2204,Kelly,2007,F
2205,Nicole,2007,F
2206,Gracie,2007,F
2207,Gabriella,2007,F
2208,Helen,2007,F
2209,Frezen,2007,F
2210,Gabriella,2007,F
2211,Irene,2007,F
2212,Rayna,2007,F
2213,Noriko,2007,F
2214,Mia,2007,F
2215,Zaria,2007,F
2216,Brenna,2007,F
2217,Rayna,2007,F
2218,Diana,2007,F
2219,Olivia,2007,F
2220,Gabriella,2007,F
2221,Yocelin,2007,F
2222,Nicole,2007,F
2223,Emily,2007,F
2224,Rayna,2007,F
2225,Cathy,2007,F
2226,Chelsea,2007,F
2227,Lily,2007,F
2228,Taylor,2008,F
2229,Xochitl,2008,F
2230,Odalys,2008,F
2231,Maria,2008,F
2232,Gracie,2008,F
2233,Nicole,2008,F
2234,Frezen,2008,F
2235,Delaney,2008,F
2236,Kira,2008,F
2237,Erica,2008,F
2238,Quinn,2008,F
2239,Diana,2008,F
2240,Maria,2008,F
2241,Ximena,2008,F
2242,Vivian,2008,F
2243,Vivian,2008,F
2244,Winter,2008,F
2245,Jocelyn,2008,F
2246,Diana,2008,F
2247,Diana,2008,F
2248,Ximena,2008,F
2249,Spring,2008,F
2250,Amber,2008,F
2251,Odalys,2008,F
2252,Quetzalli,2008,F
2253,Quetzalli,2008,F
2254,Yocelin,2008,F
2255,Rose,2008,F
2256,Unique,2008,F
2257,Yocelin,2008,F
2258,Gracie,2008,F
2259,Hope,2008,F
2260,Spring,2008,F
2261,Quetzalli,2008,F
2262,Quinn,2008,F
2263,Spring,2008,F
2264,Patricia,2008,F
2265,Emily,2008,F
2266,Lily,2008,F
2267,Rose,2008,F
2268,Julie,2008,F
2269,Julie,2008,F
2270,Frezen,2008,F
2271,Frezen,2008,F
2272,Brenna,2008,F
2273,Zoe,2008,F
2274,Selina,2008,F
2275,Noriko,2008,F
2276,Briana,2008,F
2277,Erica,2008,F
2278,Kelly,2008,F
2279,Mia,2008,F
2280,Peyton,2008,F
2281,Yocelin,2008,F
2282,Abby,2008,F
2283,Noriko,2008,F
2284,Willow,2008,F
2285,Jocelyn,2008,F
2286,Vivienne,2008,F
2287,Rayna,2008,F
2288,Tiana,2008,F
2289,Yocelin,2008,F
2290,Zoe,2008,F
2291,Chelsea,2008,F
2292,Gabriella,2008,F
2293,Delaney,2008,F
2294,Briana,2008,F
2295,Kira,2008,F
2296,Noriko,2008,F
2297,Quinn,2008,F
2298,Chelsea,2008,F
2299,Gabriella,2008,F
2300,Noriko,2008,F
2301,Winter,2008,F
2302,Vivian,2008,F
2303,Rose,2008,F
2304,Tiana,2008,F
2305,Jocelyn,2008,F
2306,Filit,2008,F
2307,Brenna,2008,F
2308,Tiana,2008,F
2309,Yazmin,2008,F
2310,Patricia,2008,F
2311,Izumi,2008,F
2312,Irene,2008,F
2313,Briana,2008,F
2314,Delaney,2008,F
2315,Winter,2008,F
2316,Lily,2008,F
2317,Rayna,2008,F
2318,Cathy,2008,F
2319,Mia,2008,F
2320,Mia,2008,F
2321,Erica,2008,F
2322,Quinn,2008,F
2323,Quinn,2008,F
2324,Lailah,2008,F
2325,Noriko,2008,F
2326,Hope,2008,F
2327,Hope,2008,F
2328,Amber,2008,F
2329,Frezen,2008,F
2330,Maria,2008,F
2331,Zoe,2008,F
2332,Chelsea,2008,F
2333,Quinn,2008,F
2334,Zoe,2008,F
2335,Tiana,2008,F
2336,Olivia,2008,F
2337,Una,2008,F
2338,Yocelin,2008,F
2339,Mia,2008,F
2340,Peyton,2008,F
2341,Vivienne,2008,F
2342,Erica,2008,F
2343,Erica,2008,F
2344,Kelly,2008,F
2345,Julie,2008,F
2346,Abby,2008,F
2347,Mia,2008,F
2348,Emily,2008,F
2349,Xochitl,2008,F
2350,Julie,2008,F
2351,Yocelin,2008,F
2352,Chelsea,2008,F
2353,Briana,2008,F
2354,Jocelyn,2008,F
2355,Kira,2008,F
2356,Yazmin,2008,F
2357,Jocelyn,2008,F
2358,Yocelin,2008,F
2359,Kelly,2008,F
2360,Peyton,2008,F
2361,Emily,2008,F
2362,Olivia,2008,F
2363,Erica,2008,F
2364,Una,2008,F
2365,Julie,2008,F
2366,Mia,2008,F
2367,Izumi,2008,F
2368,Gabriella,2008,F
2369,Una,2008,F
2370,Maria,2008,F
2371,Xochitl,2008,F
2372,Jocelyn,2008,F
2373,Gabriella,2008,F
2374,Noriko,2008,F
2375,Patricia,2008,F
2376,Lailah,2008,F
2377,Amber,2008,F
2378,Yocelin,2008,F
2379,Mia,2008,F
2380,Quetzalli,2008,F
2381,Gracie,2008,F
2382,Ximena,2008,F
2383,Helen,2008,F
2384,Peyton,2008,F
2385,Cathy,2008,F
2386,Noriko,2008,F
2387,Jocelyn,2008,F
2388,Noriko,2008,F
2389,Briana,2008,F
2390,Willow,2008,F
2391,Gabriella,2008,F
2392,Rayna,2008,F
2393,Unique,2008,F
2394,Yazmin,2008,F
2395,Mia,2008,F
2396,Chelsea,2008,F
2397,Spring,2008,F
2398,Izumi,2008,F
2399,Unique,2008,F
2400,Gabriella,2008,F
2401,Winter,2008,F
2402,Izumi,2008,F
2403,Kelly,2008,F
2404,Maria,2008,F
2405,Abby,2008,F
2406,Peyton,2008,F
2407,Rayna,2008,F
2408,Yazmin,2008,F
2409,Zoe,2008,F
2410,Abby,2008,F
2411,Delaney,2008,F
2412,Gracie,2008,F
2413,Diana,2008,F
2414,Odalys,2008,F
2415,Frezen,2008,F
2416,Taylor,2008,F
2417,Maria,2008,F
2418,Zaria,2008,F
2419,Brenna,2008,F
2420,Taylor,2008,F
2421,Jocelyn,2008,F
2422,Briana,2008,F
2423,Jocelyn,2008,F
2424,Selina,2008,F
2425,Lily,2008,F
2426,Una,2008,F
2427,Winter,2008,F
2428,Vivian,2008,F
2429,Unique,2008,F
2430,Lily,2008,F
2431,Tiana,2008,F
2432,Gracie,2008,F
2433,Taylor,2008,F
2434,Peyton,2008,F
2435,Yocelin,2008,F
2436,Tiana,2008,F
2437,Hope,2008,F
2438,Nicole,2008,F
2439,Olivia,2008,F
2440,Irene,2008,F
2441,Gabriella,2008,F
2442,Vivian,2008,F
2443,Vivian,2008,F
2444,Selina,2008,F
2445,Una,2008,F
2446,Taylor,2008,F
2447,Delaney,2008,F
2448,Yocelin,2008,F
2449,Yocelin,2008,F
2450,Lailah,2008,F
2451,Erica,2008,F
2452,Olivia,2008,F
2453,Diana,2008,F
2454,Yocelin,2008,F
2455,Kelly,2008,F
2456,Noriko,2008,F
2457,Hope,2008,F
2458,Kira,2008,F
2459,Julie,2008,F
2460,Delaney,2008,F
2461,Kelly,2008,F
2462,Emily,2008,F
2463,Filit,2008,F
2464,Zaria,2008,F
2465,Chelsea,2008,F
2466,Diana,2008,F
2467,Julie,2008,F
2468,Emily,2008,F
2469,Winter,2008,F
2470,Xochitl,2008,F
2471,Willow,2008,F
2472,Patricia,2008,F
2473,Jocelyn,2008,F
2474,Brenna,2008,F
2475,Vivian,2008,F
2476,Unique,2008,F
2477,Diana,2008,F
2478,Zoe,2008,F
2479,Lailah,2008,F
2480,Amber,2008,F
2481,Brenna,2008,F
2482,Briana,2008,F
2483,Vivienne,2008,F
2484,Vivienne,2008,F
2485,Selina,2008,F
2486,Patricia,2008,F
2487,Frezen,2008,F
2488,Spring,2008,F
2489,Taylor,2008,F
2490,Zoe,2008,F
2491,Quinn,2008,F
2492,Chelsea,2008,F
2493,Diana,2008,F
2494,Zoe,2008,F
2495,Spring,2008,F
2496,Brenna,2008,F
2497,Selina,2008,F
2498,Gabriella,2008,F
2499,Taylor,2008,F
2500,Unique,2008,F
2501,Olivia,2008,F
2502,Brenna,2008,F
2503,Winter,2008,F
2504,Quetzalli,2008,F
2505,Filit,2008,F
2506,Brenna,2008,F
2507,Rayna,2008,F
2508,Julie,2008,F
2509,Peyton,2008,F
2510,Lily,2008,F
2511,Winter,2008,F
2512,Maria,2008,F
2513,Quetzalli,2008,F
2514,Kira,2008,F
2515,Rose,2009,F
2516,Gracie,2009,F
2517,Rose,2009,F
2518,Julie,2009,F
2519,Brenna,2009,F
2520,Amber,2009,F
2521,Quinn,2009,F
2522,Noriko,2009,F
2523,Olivia,2009,F
2524,Erica,2009,F
2525,Irene,2009,F
2526,Xochitl,2009,F
2527,Willow,2009,F
2528,Rayna,2009,F
2529,Gracie,2009,F
2530,Erica,2009,F
2531,Willow,2009,F
2532,Rayna,2009,F
2533,Quetzalli,2009,F
2534,Tiana,2009,F
2535,Una,2009,F
2536,Peyton,2009,F
2537,Rose,2009,F
2538,Xochitl,2009,F
2539,Spring,2009,F
2540,Patricia,2009,F
2541,Spring,2009,F
2542,Abby,2009,F
2543,Quinn,2009,F
2544,Rose,2009,F
2545,Selina,2009,F
2546,Selina,2009,F
2547,Kelly,2009,F
2548,Delaney,2009,F
2549,Gracie,2009,F
2550,Yazmin,2009,F
2551,Ximena,2009,F
2552,Erica,2009,F
2553,Quinn,2009,F
2554,Irene,2009,F
2555,Vivian,2009,F
2556,Yazmin,2009,F
2557,Olivia,2009,F
2558,Diana,2009,F
2559,Kelly,2009,F
2560,Xochitl,2009,F
2561,Gracie,2009,F
2562,Irene,2009,F
2563,Rose,2009,F
2564,Maria,2009,F
2565,Taylor,2009,F
2566,Abby,2009,F
2567,Julie,2009,F
2568,Zaria,2009,F
2569,Brenna,2009,F
2570,Lailah,2009,F
2571,Briana,2009,F
2572,Una,2009,F
2573,Emily,2009,F
2574,Jocelyn,2009,F
2575,Abby,2009,F
2576,Brenna,2009,F
2577,Chelsea,2009,F
2578,Frezen,2009,F
2579,Vivienne,2009,F
2580,Ximena,2009,F
2581,Abby,2009,F
2582,Yocelin,2009,F
2583,Lailah,2009,F
2584,Jocelyn,2009,F
2585,Erica,2009,F
2586,Taylor,2009,F
2587,Hope,2009,F
2588,Jocelyn,2009,F
2589,Zaria,2009,F
2590,Kira,2009,F
2591,Patricia,2009,F
2592,Izumi,2009,F
2593,Noriko,2009,F
2594,Abby,2009,F
2595,Julie,2009,F
2596,Patricia,2009,F
2597,Helen,2009,F
2598,Yazmin,2009,F
2599,Noriko,2009,F
2600,Unique,2009,F
2601,Yazmin,2009,F
2602,Winter,2009,F
2603,Erica,2009,F
2604,Quinn,2009,F
2605,Yocelin,2009,F
2606,Kelly,2009,F
2607,Tiana,2009,F
2608,Gracie,2009,F
2609,Vivian,2009,F
2610,Rose,2009,F
2611,Vivienne,2009,F
2612,Patricia,2009,F
2613,Briana,2009,F
2614,Kelly,2009,F
2615,Yocelin,2009,F
2616,Lailah,2009,F
2617,Irene,2009,F
2618,Olivia,2009,F
2619,Cathy,2009,F
2620,Brenna,2009,F
2621,Maria,2009,F
2622,Yazmin,2009,F
2623,Gracie,2009,F
2624,Quetzalli,2009,F
2625,Kira,2009,F
2626,Unique,2009,F
2627,Gabriella,2009,F
2628,Spring,2009,F
2629,Izumi,2009,F
2630,Julie,2009,F
2631,Vivian,2009,F
2632,Nicole,2009,F
2633,Una,2009,F
2634,Gabriella,2009,F
2635,Delaney,2009,F
2636,Noriko,2009,F
2637,Cathy,2009,F
2638,Gracie,2010,F
2639,Yazmin,2010,F
2640,Diana,2010,F
2641,Yocelin,2010,F
2642,Amber,2010,F
2643,Rose,2010,F
2644,Abby,2010,F
2645,Xochitl,2010,F
2646,Brenna,2010,F
2647,Filit,2010,F
2648,Maria,2010,F
2649,Tiana,2010,F
2650,Amber,2010,F
2651,Erica,2010,F
2652,Izumi,2010,F
2653,Abby,2010,F
2654,Spring,2010,F
2655,Unique,2010,F
2656,Kelly,2010,F
2657,Winter,2010,F
2658,Diana,2010,F
2659,Irene,2010,F
2660,Hope,2010,F
2661,Odalys,2010,F
2662,Patricia,2010,F
2663,Zaria,2010,F
2664,Gracie,2010,F
2665,Kelly,2010,F
2666,Yocelin,2010,F
2667,Izumi,2010,F
2668,Yazmin,2010,F
2669,Quinn,2010,F
2670,Brenna,2010,F
2671,Rose,2010,F
2672,Peyton,2010,F
2673,Cathy,2010,F
2674,Erica,2010,F
2675,Quetzalli,2010,F
2676,Jocelyn,2010,F
2677,Chelsea,2010,F
2678,Quetzalli,2010,F
2679,Patricia,2010,F
2680,Rose,2010,F
2681,Taylor,2010,F
2682,Yocelin,2010,F
2683,Vivienne,2010,F
2684,Julie,2010,F
2685,Unique,2010,F
2686,Willow,2010,F
2687,Una,2010,F
2688,Cathy,2010,F
2689,Helen,2010,F
2690,Vivienne,2010,F
2691,Izumi,2010,F
2692,Brenna,2010,F
2693,Taylor,2010,F
2694,Vivian,2010,F
2695,Kelly,2010,F
2696,Peyton,2010,F
2697,Rayna,2010,F
2698,Amber,2010,F
2699,Una,2010,F
2700,Una,2010,F
2701,Brenna,2010,F
2702,Olivia,2010,F
2703,Kira,2010,F
2704,Kira,2010,F
2705,Selina,2010,F
2706,Una,2010,F
2707,Brenna,2010,F
2708,Zoe,2010,F
2709,Willow,2010,F
2710,Kira,2010,F
2711,Mia,2010,F
2712,Ximena,2010,F
2713,Cathy,2010,F
2714,Hope,2010,F
2715,Rayna,2010,F
2716,Odalys,2010,F
2717,Patricia,2010,F
2718,Rose,2010,F
2719,Emily,2010,F
2720,Amber,2010,F
2721,Quinn,2010,F
2722,Peyton,2010,F
2723,Zaria,2010,F
2724,Izumi,2010,F
2725,Maria,2010,F
2726,Briana,2010,F
2727,Chelsea,2010,F
2728,Hope,2010,F
2729,Amber,2010,F
2730,Quinn,2010,F
2731,Helen,2010,F
2732,Amber,2010,F
2733,Delaney,2010,F
2734,Willow,2010,F
2735,Izumi,2010,F
2736,Amber,2010,F
2737,Olivia,2010,F
2738,Olivia,2010,F
2739,Amber,2010,F
2740,Filit,2010,F
2741,Briana,2010,F
2742,Vivienne,2010,F
2743,Tiana,2010,F
2744,Kelly,2010,F
2745,Noriko,2010,F
2746,Willow,2010,F
2747,Tiana,2010,F
2748,Taylor,2010,F
2749,Briana,2010,F
2750,Jocelyn,2010,F
2751,Diana,2010,F
2752,Helen,2010,F
2753,Frezen,2010,F
2754,Abby,2010,F
2755,Cathy,2010,F
2756,Taylor,2010,F
2757,Filit,2010,F
2758,Lailah,2010,F
2759,Izumi,2010,F
2760,Izumi,2010,F
2761,Peyton,2010,F
2762,Unique,2010,F
2763,Vivienne,2010,F
2764,Vivian,2010,F
2765,Zaria,2010,F
2766,Yazmin,2010,F
2767,Helen,2010,F
2768,Delaney,2010,F
2769,Hope,2010,F
2770,Cathy,2010,F
2771,Gabriella,2010,F
2772,Peyton,2010,F
2773,Erica,2010,F
2774,Quetzalli,2010,F
2775,Taylor,2010,F
2776,Quetzalli,2010,F
2777,Willow,2010,F
2778,Maria,2010,F
2779,Zaria,2010,F
2780,Una,2010,F
2781,Briana,2010,F
2782,Maria,2010,F
2783,Lailah,2010,F
2784,Tiana,2010,F
2785,Chelsea,2010,F
2786,Tiana,2010,F
2787,Peyton,2010,F
2788,Selina,2010,F
2789,Taylor,2010,F
2790,Zaria,2010,F
2791,Julie,2010,F
2792,Quinn,2010,F
2793,Noriko,2010,F
2794,Vivian,2010,F
2795,Selina,2010,F
2796,Quinn,2010,F
2797,Hope,2010,F
2798,Vivian,2010,F
2799,Spring,2010,F
2800,Abby,2010,F
2801,Spring,2010,F
2802,Filit,2010,F
2803,Taylor,2010,F
2804,Julie,2010,F
2805,Xochitl,2010,F
2806,Diana,2010,F
2807,Filit,2010,F
2808,Filit,2010,F
2809,Kelly,2010,F
2810,Mia,2010,F
2811,Irene,2010,F
2812,Patricia,2010,F
2813,Yazmin,2010,F
2814,Briana,2010,F
2815,Ximena,2010,F
2816,Izumi,2010,F
2817,Willow,2010,F
2818,Jocelyn,2010,F
2819,Kelly,2010,F
2820,Lailah,2010,F
2821,Hope,2010,F
2822,Nicole,2010,F
2823,Frezen,2010,F
2824,Noriko,2010,F
2825,Rose,2010,F
2826,Xochitl,2010,F
2827,Gracie,2010,F
2828,Diana,2010,F
2829,Hope,2010,F
2830,Odalys,2010,F
2831,Quetzalli,2010,F
2832,Vivienne,2010,F
2833,Tiana,2010,F
2834,Mia,2010,F
2835,Odalys,2010,F
2836,Peyton,2010,F
2837,Ximena,2010,F
2838,Julie,2010,F
2839,Quinn,2010,F
2840,Zaria,2010,F
2841,Emily,2010,F
2842,Odalys,2010,F
2843,Kelly,2010,F
2844,Helen,2010,F
2845,Julie,2010,F
2846,Irene,2010,F
2847,Kira,2010,F
2848,Vivian,2010,F
2849,Izumi,2010,F
2850,Quinn,2010,F
2851,Yocelin,2010,F
2852,Quinn,2010,F
2853,Rose,2010,F
2854,Taylor,2010,F
2855,Zaria,2010,F
2856,Taylor,2010,F
2857,Yazmin,2010,F
2858,Taylor,2010,F
2859,Vivienne,2010,F
2860,Zoe,2010,F
2861,Winter,2010,F
2862,Spring,2010,F
2863,Rose,2010,F
2864,Izumi,2010,F
2865,Zaria,2010,F
2866,Mia,2010,F
2867,Brenna,2010,F
2868,Olivia,2010,F
2869,Filit,2010,F
2870,Frezen,2010,F
2871,Willow,2010,F
2872,Ximena,2010,F
2873,Selina,2010,F
2874,Kelly,2010,F
2875,Yocelin,2010,F
2876,Winter,2010,F
2877,Unique,2010,F
2878,Irene,2010,F
2879,Willow,2010,F
2880,Helen,2010,F
2881,Rose,2010,F
2882,Lailah,2010,F
2883,Emily,2010,F
2884,Zaria,2010,F
2885,Abby,2010,F
2886,Helen,2010,F
2887,Delaney,2010,F
2888,Lily,2010,F
2889,Abby,2010,F
2890,Nicole,2010,F
2891,Peyton,2010,F
2892,Chelsea,2010,F
2893,Vivian,2010,F
2894,Chelsea,2010,F
2895,Zaria,2010,F
2896,Maria,2010,F
2897,Gracie,2010,F
2898,Una,2010,F
2899,Una,2010,F
2900,Brenna,2010,F
2901,Lailah,2010,F
2902,Diana,2010,F
2903,Briana,2010,F
2904,Mia,2010,F
2905,Patricia,2010,F
2906,Jocelyn,2010,F
2907,Zaria,2010,F
2908,Hope,2010,F
2909,Gabriella,2010,F
2910,Yocelin,2010,F
2911,Nicole,2010,F
2912,Odalys,2010,F
2913,Erica,2010,F
2914,Cathy,2010,F
2915,Zoe,2010,F
2916,Willow,2010,F
2917,Zoe,2010,F
2918,Taylor,2010,F
2919,Emily,2010,F
2920,Izumi,2010,F
2921,Irene,2010,F
2922,Zoe,2010,F
2923,Hope,2010,F
2924,Brenna,2010,F
2925,Emily,2010,F
2926,Vivienne,2010,F
2927,Zaria,2010,F
2928,Unique,2010,F
2929,Odalys,2010,F
2930,Mia,2010,F
2931,Hope,2010,F
2932,Cathy,2010,F
2933,Olivia,2010,F
2934,Emily,2010,F
2935,Rayna,2010,F
2936,Odalys,2010,F
2937,Kelly,2010,F
2938,Cathy,2010,F
2939,Delaney,2010,F
2940,Gracie,2010,F
2941,Kira,2011,F
2942,Unique,2011,F
2943,Noriko,2011,F
2944,Yazmin,2011,F
2945,Jocelyn,2011,F
2946,Peyton,2011,F
2947,Kira,2011,F
2948,Vivienne,2011,F
2949,Filit,2011,F
2950,Rayna,2011,F
2951,Rayna,2011,F
2952,Una,2011,F
2953,Rose,2011,F
2954,Unique,2011,F
2955,Zaria,2011,F
2956,Nicole,2011,F
2957,Spring,2011,F
2958,Irene,2011,F
2959,Cathy,2011,F
2960,Brenna,2011,F
2961,Xochitl,2011,F
2962,Chelsea,2011,F
2963,Zoe,2011,F
2964,Yazmin,2011,F
2965,Irene,2011,F
2966,Diana,2011,F
2967,Noriko,2011,F
2968,Rose,2011,F
2969,Quetzalli,2011,F
2970,Zoe,2011,F
2971,Taylor,2011,F
2972,Brenna,2011,F
2973,Filit,2011,F
2974,Unique,2011,F
2975,Chelsea,2011,F
2976,Willow,2011,F
2977,Ximena,2011,F
2978,Xochitl,2011,F
2979,Patricia,2011,F
2980,Delaney,2011,F
2981,Olivia,2011,F
2982,Filit,2011,F
2983,Odalys,2011,F
2984,Rayna,2011,F
2985,Diana,2011,F
2986,Briana,2011,F
2987,Izumi,2011,F
2988,Kira,2011,F
2989,Tiana,2011,F
2990,Winter,2011,F
2991,Rose,2011,F
2992,Taylor,2011,F
2993,Gracie,2011,F
2994,Frezen,2011,F
2995,Una,2011,F
2996,Quetzalli,2011,F
2997,Irene,2011,F
2998,Ximena,2011,F
2999,Ximena,2011,F
3000,Mia,2011,F
3001,Rose,2011,F
3002,Kelly,2011,F
3003,Helen,2011,F
3004,Helen,2011,F
3005,Noriko,2011,F
3006,Quinn,2011,F
3007,Briana,2011,F
3008,Patricia,2011,F
3009,Mia,2011,F
3010,Erica,2011,F
3011,Erica,2011,F
3012,Cathy,2011,F
3013,Irene,2011,F
3014,Amber,2011,F
3015,Filit,2011,F
3016,Noriko,2011,F
3017,Odalys,2011,F
3018,Filit,2011,F
3019,Delaney,2011,F
3020,Patricia,2011,F
3021,Cathy,2011,F
3022,Brenna,2011,F
3023,Brenna,2011,F
3024,Quinn,2011,F
3025,Gabriella,2011,F
3026,Brenna,2011,F
3027,Abby,2011,F
3028,Zoe,2011,F
3029,Erica,2011,F
3030,Briana,2011,F
3031,Irene,2011,F
3032,Lailah,2011,F
3033,Julie,2011,F
3034,Winter,2011,F
3035,Maria,2011,F
3036,Zoe,2011,F
3037,Erica,2011,F
3038,Gracie,2011,F
3039,Noriko,2011,F
3040,Winter,2011,F
3041,Olivia,2011,F
3042,Helen,2011,F
3043,Yocelin,2011,F
3044,Quetzalli,2011,F
3045,Jocelyn,2011,F
3046,Unique,2011,F
3047,Nicole,2011,F
3048,Peyton,2011,F
3049,Irene,2011,F
3050,Ximena,2011,F
3051,Julie,2011,F
3052,Mia,2011,F
3053,Quinn,2011,F
3054,Ximena,2011,F
3055,Yazmin,2011,F
3056,Izumi,2011,F
3057,Vivienne,2011,F
3058,Helen,2011,F
3059,Vivienne,2011,F
3060,Gabriella,2011,F
3061,Tiana,2011,F
3062,Lily,2011,F
3063,Jocelyn,2011,F
3064,Diana,2011,F
3065,Brenna,2011,F
3066,Rayna,2011,F
3067,Odalys,2011,F
3068,Lailah,2011,F
3069,Una,2011,F
3070,Zoe,2011,F
3071,Rose,2011,F
3072,Rose,2011,F
3073,Briana,2011,F
3074,Odalys,2011,F
3075,Nicole,2011,F
3076,Amber,2011,F
3077,Helen,2011,F
3078,Patricia,2011,F
3079,Amber,2011,F
3080,Kira,2011,F
3081,Peyton,2011,F
3082,Peyton,2011,F
3083,Helen,2011,F
3084,Erica,2011,F
3085,Brenna,2011,F
3086,Taylor,2011,F
3087,Irene,2011,F
3088,Xochitl,2011,F
3089,Zaria,2011,F
3090,Briana,2011,F
3091,Winter,2011,F
3092,Winter,2011,F
3093,Frezen,2011,F
3094,Yocelin,2011,F
3095,Jocelyn,2011,F
3096,Rayna,2011,F
3097,Gracie,2011,F
3098,Tiana,2011,F
3099,Quetzalli,2011,F
3100,Ximena,2011,F
3101,Delaney,2011,F
3102,Lailah,2011,F
3103,Gabriella,2011,F
3104,Helen,2011,F
3105,Abby,2011,F
3106,Emily,2011,F
3107,Cathy,2011,F
3108,Diana,2011,F
3109,Abby,2011,F
3110,Rayna,2011,F
3111,Yazmin,2011,F
3112,Odalys,2011,F
3113,Frezen,2011,F
3114,Emily,2011,F
3115,Taylor,2011,F
3116,Unique,2011,F
3117,Quinn,2011,F
3118,Lily,2011,F
3119,Julie,2011,F
3120,Tiana,2011,F
3121,Nicole,2011,F
3122,Una,2011,F
3123,Erica,2011,F
3124,Delaney,2011,F
3125,Delaney,2011,F
3126,Erica,2011,F
3127,Erica,2011,F
